INSERT INTO "Country"("id", "Name") VALUES ('3', 'RU'), ('4', 'CA')
INSERT INTO "Currency"("id", "Name") VALUES ('2', 'RUB')
INSERT INTO "Industry"("id", "Name") VALUES ('6', 'Mining/Diversified'), ('7', 'Utilities-Electric'), ('8', 'Electronics/Electric'), ('9', 'Building'), ('10', 'Finance')
INSERT INTO "RatingAgency"("id", "Name", "Description") VALUES ('1', 'S&P', 'Standard and Poors'), ('2', 'Moody''s', 'Moody''s rating agency'), ('3', 'Fitch', 'Fitch rating agency')
INSERT INTO "Seniority"("id", "Name") VALUES ('2', 'Unsecured')
INSERT INTO "Feed"("id", "Name", "Description") VALUES ('1', 'Q', 'Main Eikon data feed')
INSERT INTO "Specimen"("id", "name") VALUES ('2', 'Bond')
INSERT INTO "Chain"("id", "Name", "id_Feed", "Expanded", "Params") VALUES ('2', '0#RUELG=MM', '1', '2014-05-14 00:00:00', '')
INSERT INTO "Isin"("id", "Name", "id_Feed") VALUES ('49', 'RU000A0JS298', '1'), ('50', 'RU000A0JRTS1', '1'), ('51', 'RU000A0JQZB6', '1'), ('52', 'RU000A0JR0E1', '1'), ('53', 'RU000A0JR2S7', '1'), ('54', 'RU000A0JS470', '1'), ('55', 'RU000A0JS1W0', '1'), ('56', 'RU000A0JQ722', '1'), ('57', 'RU000A0JU7L6', '1'), ('58', 'RU000A0JTMK9', '1'), ('59', 'RU000A0JTMG7', '1'), ('60', 'RU000A0JRFP6', '1'), ('61', 'RU000A0JRFN1', '1'), ('62', 'RU000A0JQLM3', '1'), ('63', 'RU000A0GN9B5', '1'), ('64', 'RU000A0JQAR5', '1'), ('65', 'RU000A0JTG26', '1'), ('66', 'RU000A0JT601', '1'), ('67', 'RU000A0JT0U5', '1'), ('68', 'RU000A0JTMD4', '1'), ('69', 'RU000A0JT9D2', '1'), ('70', 'RU000A0JTVA1', '1'), ('71', 'RU000A0JS785', '1'), ('72', 'RU000A0JRWE5', '1'), ('73', 'RU000A0JTZ31', '1'), ('74', 'RU000A0JT7U0', '1'), ('75', 'RU000A0JR3M8', '1'), ('76', 'RU000A0JR209', '1'), ('77', 'RU000A0JR1Z4', '1'), ('78', 'RU000A0JR1Y7', '1'), ('79', 'RU000A0JUCA9', '1'), ('80', 'RU000A0JUC92', '1'), ('81', 'RU000A0JU7S1', '1'), ('82', 'RU000A0JTYK4', '1'), ('83', 'RU000A0JT2K2', '1'), ('84', 'RU000A0JTKA4', '1'), ('85', 'RU000A0JTYJ6', '1'), ('86', 'RU000A0JSQ58', '1'), ('87', 'RU000A0JT7T2', '1'), ('88', 'RU000A0JRMX6', '1'), ('89', 'RU000A0JRZK5', '1'), ('90', 'RU000A0JRUS9', '1'), ('91', 'RU000A0JRL96', '1'), ('92', 'RU000A0JS7H8', '1'), ('93', 'RU000A0JR3L0', '1'), ('94', 'RU000A0JR217', '1'), ('95', 'RU000A0JRKW2', '1'), ('96', 'RU000A0JQZ59', '1')
INSERT INTO "RicToChain"("id", "Ric_id", "Chain_id") VALUES ('49', '52', '2'), ('50', '53', '2'), ('51', '54', '2'), ('52', '55', '2'), ('53', '56', '2'), ('54', '57', '2'), ('55', '58', '2'), ('56', '59', '2'), ('57', '60', '2'), ('58', '61', '2'), ('59', '62', '2'), ('60', '63', '2'), ('61', '64', '2'), ('62', '65', '2'), ('63', '66', '2'), ('64', '67', '2'), ('65', '68', '2'), ('66', '69', '2'), ('67', '70', '2'), ('68', '71', '2'), ('69', '72', '2'), ('70', '73', '2'), ('71', '74', '2'), ('72', '75', '2'), ('73', '76', '2'), ('74', '77', '2'), ('75', '78', '2'), ('76', '79', '2'), ('77', '80', '2'), ('78', '81', '2'), ('79', '82', '2'), ('80', '83', '2'), ('81', '84', '2'), ('82', '85', '2'), ('83', '86', '2'), ('84', '87', '2'), ('85', '88', '2'), ('86', '89', '2'), ('87', '90', '2'), ('88', '91', '2'), ('89', '92', '2'), ('90', '93', '2'), ('91', '94', '2'), ('92', '95', '2'), ('93', '96', '2'), ('94', '97', '2'), ('95', '98', '2'), ('96', '99', '2')
INSERT INTO "SubIndustry"("id", "Name", "id_Industry") VALUES ('8', 'Coal', '6'), ('9', 'Uranium', '6'), ('10', 'Utilities-Electric', '7'), ('11', 'Electronics/Electric', '8'), ('12', 'Operating', '7'), ('13', 'Contracting, engineering, construction', '9'), ('14', 'Finance', '10')
INSERT INTO "Ticker"("id", "Name", "id_ParentTicker") VALUES ('23', 'RUGV', NULL), ('24', 'KESTM', NULL), ('25', 'GAZP', NULL), ('26', 'ZAREC', NULL), ('27', 'UUU', '23'), ('28', 'TGKI', '24'), ('29', 'TGKF', NULL), ('30', 'TGKE', NULL), ('31', 'TGKA', '25'), ('32', 'TGKB', NULL), ('33', 'HYDR', '23'), ('34', 'MSNG', '25'), ('35', 'MRKY', '23'), ('36', 'MRKPX', '23'), ('37', 'MRKC', '23'), ('38', 'MSRS', NULL), ('39', 'LSNG', '23'), ('40', 'INTNO', NULL), ('41', 'GKEFE', NULL), ('42', 'FEES', '23'), ('43', 'OGKE', '23'), ('44', 'ROSTM', '23')
INSERT INTO "RatingAgencyCode"("id", "Name", "id_RatingAgency") VALUES ('1', 'S&P', '1'), ('2', 'SPI', '1'), ('3', 'MDL', '2'), ('4', 'MIS', '2'), ('5', 'MDY', '2'), ('6', 'FTC', '3'), ('7', 'FDL', '3'), ('8', 'FSU', '3')
INSERT INTO "Rating"("id", "Value", "Name", "id_RatingAgency") VALUES ('1', '210', 'AAA', '1'), ('2', '200', 'AA+', '1'), ('3', '190', 'AA', '1'), ('4', '180', 'AA-', '1'), ('5', '170', 'A+', '1'), ('6', '160', 'A', '1'), ('7', '150', 'A-', '1'), ('8', '140', 'BBB+', '1'), ('9', '130', 'BBB', '1'), ('10', '120', 'BBB-', '1'), ('11', '110', 'BB+', '1'), ('12', '100', 'BB', '1'), ('13', '90', 'BB-', '1'), ('14', '80', 'B+', '1'), ('15', '70', 'B', '1'), ('16', '60', 'B-', '1'), ('17', '50', 'CCC+', '1'), ('18', '40', 'CCC', '1'), ('19', '30', 'CCC-', '1'), ('20', '20', 'CC', '1'), ('21', '10', 'C', '1'), ('22', '0', '', '1'), ('23', '210', 'AAA', '3'), ('24', '200', 'AA+', '3'), ('25', '190', 'AA', '3'), ('26', '180', 'AA-', '3'), ('27', '170', 'A+', '3'), ('28', '160', 'A', '3'), ('29', '150', 'A-', '3'), ('30', '140', 'BBB+', '3'), ('31', '130', 'BBB', '3'), ('32', '120', 'BBB-', '3'), ('33', '110', 'BB+', '3'), ('34', '100', 'BB', '3'), ('35', '90', 'BB-', '3'), ('36', '80', 'B+', '3'), ('37', '70', 'B', '3'), ('38', '60', 'B-', '3'), ('39', '50', 'CCC+', '3'), ('40', '40', 'CCC', '3'), ('41', '30', 'CCC-', '3'), ('42', '20', 'CC', '3'), ('43', '10', 'C', '3'), ('44', '0', '', '3'), ('45', '210', 'AAA', '2'), ('46', '200', 'Aa1', '2'), ('47', '190', 'Aa2', '2'), ('48', '180', 'Aa3', '2'), ('49', '170', 'A1', '2'), ('50', '160', 'A2', '2'), ('51', '150', 'A3', '2'), ('52', '140', 'Baa1', '2'), ('53', '130', 'Baa2', '2'), ('54', '120', 'Baa3', '2'), ('55', '110', 'Ba1', '2'), ('56', '100', 'Ba2', '2'), ('57', '90', 'Ba3', '2'), ('58', '80', 'B1', '2'), ('59', '70', 'B2', '2'), ('60', '60', 'B3', '2'), ('61', '50', 'Caa1', '2'), ('62', '40', 'Caa2', '2'), ('63', '30', 'Caa3', '2'), ('64', '20', 'Ca', '2'), ('65', '0', '', '2')
INSERT INTO "LegType"("id", "Name") VALUES ('1', 'Received'), ('2', 'Paid'), ('3', 'Both')
INSERT INTO "InstrumentType"("id", "Name") VALUES ('1', 'Bond'), ('2', 'Frn'), ('3', 'Swap'), ('4', 'Ndf'), ('5', 'Cds')
INSERT INTO "RatingToInstrument"("id", "id_Rating", "id_Instrument", "RatingDate") VALUES ('99', '10', '74', '2014-04-28 00:00:00'), ('100', '10', '75', '2014-04-28 00:00:00'), ('101', '10', '76', '2014-04-28 00:00:00'), ('102', '10', '77', '2014-04-28 00:00:00'), ('103', '10', '78', '2014-04-28 00:00:00'), ('104', '10', '79', '2014-04-28 00:00:00'), ('105', '10', '80', '2014-04-28 00:00:00'), ('106', '10', '81', '2014-04-28 00:00:00'), ('107', '10', '82', '2014-04-28 00:00:00'), ('108', '10', '83', '2014-04-28 00:00:00'), ('109', '10', '84', '2014-04-28 00:00:00'), ('110', '10', '85', '2014-04-28 00:00:00'), ('111', '10', '86', '2014-04-28 00:00:00'), ('112', '10', '87', '2014-04-28 00:00:00'), ('113', '10', '88', '2014-04-28 00:00:00'), ('114', '10', '89', '2014-04-28 00:00:00'), ('115', '10', '91', '2014-04-28 00:00:00'), ('116', '10', '92', '2014-04-28 00:00:00'), ('117', '10', '93', '2014-04-28 00:00:00'), ('118', '10', '94', '2014-04-28 00:00:00'), ('119', '10', '95', '2014-04-28 00:00:00'), ('120', '10', '96', '2014-04-28 00:00:00'), ('121', '11', '58', '2009-12-22 00:00:00'), ('122', '11', '59', '2009-12-22 00:00:00'), ('123', '11', '60', '2009-12-22 00:00:00'), ('124', '11', '61', '2009-12-22 00:00:00'), ('125', '12', '62', '2011-05-27 00:00:00'), ('126', '12', '63', '2011-05-27 00:00:00'), ('127', '12', '67', '2013-02-18 00:00:00'), ('128', '12', '68', '2013-02-18 00:00:00'), ('129', '12', '69', '2013-02-18 00:00:00'), ('130', '14', '50', '2013-11-28 00:00:00'), ('131', '31', '74', '2013-10-25 00:00:00'), ('132', '31', '75', '2013-10-25 00:00:00'), ('133', '31', '76', '2013-10-25 00:00:00'), ('134', '31', '77', '2013-10-25 00:00:00'), ('135', '31', '78', '2013-10-25 00:00:00'), ('136', '31', '79', '2013-10-25 00:00:00'), ('137', '31', '80', '2013-10-25 00:00:00'), ('138', '31', '81', '2013-10-25 00:00:00'), ('139', '31', '82', '2013-10-25 00:00:00'), ('140', '31', '83', '2013-10-25 00:00:00'), ('141', '31', '84', '2013-10-25 00:00:00'), ('142', '31', '85', '2013-10-25 00:00:00'), ('143', '31', '86', '2013-10-25 00:00:00'), ('144', '31', '87', '2013-10-25 00:00:00'), ('145', '31', '88', '2013-10-25 00:00:00'), ('146', '31', '89', '2013-10-25 00:00:00'), ('147', '31', '91', '2013-08-20 00:00:00'), ('148', '31', '92', '2013-10-25 00:00:00'), ('149', '31', '93', '2013-10-25 00:00:00'), ('150', '31', '94', '2013-10-25 00:00:00'), ('151', '31', '95', '2013-10-25 00:00:00'), ('152', '31', '96', '2013-10-25 00:00:00'), ('153', '33', '58', '2009-02-04 00:00:00'), ('154', '33', '59', '2009-02-04 00:00:00'), ('155', '33', '60', '2009-02-04 00:00:00'), ('156', '33', '61', '2009-02-04 00:00:00'), ('157', '33', '62', '2013-05-24 00:00:00'), ('158', '33', '63', '2013-05-24 00:00:00'), ('159', '33', '67', '2013-08-09 00:00:00'), ('160', '33', '68', '2013-08-09 00:00:00'), ('161', '33', '69', '2013-08-09 00:00:00'), ('162', '35', '50', '2013-11-28 00:00:00'), ('163', '53', '91', '2013-08-02 00:00:00'), ('164', '54', '74', '2014-02-07 00:00:00'), ('165', '54', '75', '2014-02-07 00:00:00'), ('166', '54', '76', '2014-02-07 00:00:00'), ('167', '54', '77', '2014-02-07 00:00:00'), ('168', '54', '78', '2014-02-07 00:00:00'), ('169', '54', '79', '2014-02-07 00:00:00'), ('170', '54', '80', '2014-02-07 00:00:00'), ('171', '54', '81', '2014-02-07 00:00:00'), ('172', '54', '82', '2014-02-07 00:00:00'), ('173', '54', '83', '2014-02-07 00:00:00'), ('174', '54', '84', '2014-02-07 00:00:00'), ('175', '54', '85', '2014-02-07 00:00:00'), ('176', '54', '86', '2014-02-07 00:00:00'), ('177', '54', '87', '2014-02-07 00:00:00'), ('178', '54', '88', '2014-02-07 00:00:00'), ('179', '54', '89', '2014-02-07 00:00:00'), ('180', '54', '92', '2014-02-07 00:00:00'), ('181', '54', '93', '2014-02-07 00:00:00'), ('182', '54', '94', '2014-02-07 00:00:00'), ('183', '54', '95', '2014-02-07 00:00:00'), ('184', '54', '96', '2014-02-07 00:00:00'), ('185', '55', '58', '2014-04-03 00:00:00'), ('186', '55', '59', '2014-04-03 00:00:00'), ('187', '55', '60', '2014-04-03 00:00:00'), ('188', '55', '61', '2014-04-03 00:00:00'), ('189', '56', '65', '2014-04-03 00:00:00'), ('190', '56', '67', '2014-04-03 00:00:00'), ('191', '56', '68', '2014-04-03 00:00:00'), ('192', '56', '69', '2014-04-03 00:00:00'), ('193', '56', '70', '2014-04-03 00:00:00'), ('194', '56', '71', '2014-04-03 00:00:00'), ('195', '57', '50', '2013-11-26 00:00:00'), ('196', '57', '90', '2013-04-15 00:00:00')
INSERT INTO "LegalEntity"("id", "Name", "id_Country") VALUES ('20', 'UK ZARECHNAYA OOO', '3'), ('21', 'URANIUM ONE INC', '4'), ('22', 'TERRITORIAL''NAYA GENERIRUYUSHCHAYA KOMPANIYA NO 9 OAO', '3'), ('23', 'TGK-6 OAO', '3'), ('24', 'TERRITORIAL''NAYA GENERIRUYUSHCHAYA KOMPANIYA NO 5 OAO', '3'), ('25', 'TERRITORIAL''NAYA GENERIRUYUSHCHAYA KOMPANIYA NO1 OAO', '3'), ('26', 'TGK-2 OAO', '3'), ('27', 'FEDERAL HYDRO-GENERATING COMPANY RUSHYDRO OAO', '3'), ('28', 'MOSENERGO OAO', '3'), ('29', 'MRSK-YUGA OAO', '3'), ('30', 'MRSK TSENTRA I PRIVOLZH''YA OAO', '3'), ('31', 'MRSK TSENTRA OAO', '3'), ('32', 'MOSKOVSKAYA OB''''YEDINENNAYA ELEKTROSETEVAYA KOMPANIYA OAO', '3'), ('33', 'LENENERGO OAO', '3'), ('34', 'INTERTEKHELEKTRO NOVAYA GENERATSIYA OOO', '3'), ('35', 'GK EFESK OOO', '3'), ('36', 'FSK YEES OAO', '3'), ('37', 'ENEL OGK 5 OAO', '3'), ('38', 'ATOMENERGOPROM OAO', '3')
INSERT INTO "RatingToLegalEntity"("id", "id_Rating", "id_LegalEntity", "RatingDate") VALUES ('4', '10', '38', '2014-04-28 00:00:00'), ('5', '33', '27', '2011-04-27 00:00:00'), ('6', '33', '27', '2013-02-15 00:00:00')
INSERT INTO "Ric"("id", "Name", "id_Isin", "id_Feed", "id_FieldGroup") VALUES ('4', 'RUCPI1M', NULL, '1', '3'), ('5', 'RUSSRR', NULL, '1', '2'), ('6', 'MOSPRIME3MD=', NULL, '1', '4'), ('52', '/RU000A0JQZ59=MM', '96', '1', '1'), ('53', '/RU000A0JRKW2=MM', '95', '1', '1'), ('54', '/RU000A0JR217=MM', '94', '1', '1'), ('55', '/RU000A0JR3L0=MM', '93', '1', '1'), ('56', '/RU000A0JS7H8=MM', '92', '1', '1'), ('57', '/RU000A0JRL96=MM', '91', '1', '1'), ('58', '/RU000A0JRUS9=MM', '90', '1', '1'), ('59', '/RU000A0JRZK5=MM', '89', '1', '1'), ('60', '/RU000A0JRMX6=MM', '88', '1', '1'), ('61', '/RU000A0JT7T2=MM', '87', '1', '1'), ('62', '/RU000A0JSQ58=MM', '86', '1', '1'), ('63', '/RU000A0JTYJ6=MM', '85', '1', '1'), ('64', '/RU000A0JTKA4=MM', '84', '1', '1'), ('65', '/RU000A0JT2K2=MM', '83', '1', '1'), ('66', '/RU000A0JTYK4=MM', '82', '1', '1'), ('67', '/RU000A0JU7S1=MM', '81', '1', '1'), ('68', '/RU000A0JUC92=MM', '80', '1', '1'), ('69', '/RU000A0JUCA9=MM', '79', '1', '1'), ('70', '/RU000A0JR1Y7=MM', '78', '1', '1'), ('71', '/RU000A0JR1Z4=MM', '77', '1', '1'), ('72', '/RU000A0JR209=MM', '76', '1', '1'), ('73', '/RU000A0JR3M8=MM', '75', '1', '1'), ('74', '/RU000A0JT7U0=MM', '74', '1', '1'), ('75', '/RU000A0JTZ31=MM', '73', '1', '1'), ('76', '/RU000A0JRWE5=MM', '72', '1', '1'), ('77', '/RU000A0JS785=MM', '71', '1', '1'), ('78', '/RU000A0JTVA1=MM', '70', '1', '1'), ('79', '/RU000A0JT9D2=MM', '69', '1', '1'), ('80', '/RU000A0JTMD4=MM', '68', '1', '1'), ('81', '/RU000A0JT0U5=MM', '67', '1', '1'), ('82', '/RU000A0JT601=MM', '66', '1', '1'), ('83', '/RU000A0JTG26=MM', '65', '1', '1'), ('84', '/RU000A0JQAR5=MM', '64', '1', '1'), ('85', '/RU000A0GN9B5=MM', '63', '1', '1'), ('86', '/RU000A0JQLM3=MM', '62', '1', '1'), ('87', '/RU000A0JRFN1=MM', '61', '1', '1'), ('88', '/RU000A0JRFP6=MM', '60', '1', '1'), ('89', '/RU000A0JTMG7=MM', '59', '1', '1'), ('90', '/RU000A0JTMK9=MM', '58', '1', '1'), ('91', '/RU000A0JU7L6=MM', '57', '1', '1'), ('92', '/RU000A0JQ722=MM', '56', '1', '1'), ('93', '/RU000A0JS1W0=MM', '55', '1', '1'), ('94', '/RU000A0JS470=MM', '54', '1', '1'), ('95', '/RU000A0JR2S7=MM', '53', '1', '1'), ('96', '/RU000A0JR0E1=MM', '52', '1', '1'), ('97', '/RU000A0JQZB6=MM', '51', '1', '1'), ('98', '/RU000A0JRTS1=MM', '50', '1', '1'), ('99', '/RU000A0JS298=MM', '49', '1', '1')
INSERT INTO "Idx"("id", "Name", "id_Ric") VALUES ('4', 'RUCPI1M', '4'), ('5', 'RUSSRR', '5'), ('6', 'MPRIME3M', '6')
INSERT INTO "Instrument"("id", "Name", "id_InstrumentType", "id_Description") VALUES ('49', 'Zarechnaya', '1', '49'), ('50', 'Uranium', '1', '50'), ('51', 'TGK-9', '1', '51'), ('52', 'TGK-6', '1', '52'), ('53', 'TGC-5', '1', '53'), ('54', 'TGK 1', '1', '54'), ('55', 'TGK 1', '1', '55'), ('56', 'TGK 1', '1', '56'), ('57', 'TGK-2', '1', '57'), ('58', 'RusHydro', '1', '58'), ('59', 'RusHydro', '1', '59'), ('60', 'RusHydro', '1', '60'), ('61', 'RusHydro', '1', '61'), ('62', 'Mosenergo', '1', '62'), ('63', 'Mosenergo', '1', '63'), ('64', 'MRSK-Yuga', '1', '64'), ('65', 'MRSK Tsentr Prv', '1', '65'), ('66', 'MRSK Tsentra', '1', '66'), ('67', 'MOESK', '1', '67'), ('68', 'MOESK', '1', '68'), ('69', 'MOESK', '1', '69'), ('70', 'Lenenergo', '1', '70'), ('71', 'Lenenergo', '1', '71'), ('72', 'Intertekhelektro', '1', '72'), ('73', 'GK EFESk', '1', '73'), ('74', 'FGC UES', '1', '74'), ('75', 'FGC UES', '1', '75'), ('76', 'FGC UES', '1', '76'), ('77', 'FGC UES', '1', '77'), ('78', 'FGC UES', '1', '78'), ('79', 'FGC UES', '1', '81'), ('80', 'FGC UES', '1', '83'), ('81', 'FGC UES', '1', '84'), ('82', 'FGC UES', '1', '87'), ('83', 'FGC UES', '1', '88'), ('84', 'FGC UES', '1', '89'), ('85', 'FGC UES', '1', '90'), ('86', 'FGC UES', '1', '91'), ('87', 'FGC UES', '1', '92'), ('88', 'FGC UES', '1', '93'), ('89', 'FGC UES', '1', '94'), ('90', 'Enel OGK', '1', '95'), ('91', 'Atomenergoprom', '1', '96'), ('92', 'FGC UES', '2', '79'), ('93', 'FGC UES', '2', '80'), ('94', 'FGC UES', '2', '82'), ('95', 'FGC UES', '2', '85'), ('96', 'FGC UES', '2', '86')
INSERT INTO "Description"("id", "id_Issuer", "id_Borrower", "RateStructure", "IssueSize", "Series", "id_Isin", "id_Ric", "id_Ticker", "id_SubIndustry", "id_Specimen", "Issue", "Maturity", "id_Seniority", "NextCoupon") VALUES ('49', '20', NULL, 'CLDRADJ:NO DCB:A5 EY:1 LLP:NO RATEFRQ:ZERO RATETYPE:ACT RM:YTP', '3000000000', '01', '49', '99', '26', '8', '2', '2011-12-30 00:00:00', '2018-12-21 00:00:00', '2', '2014-06-27 00:00:00'), ('50', '21', NULL, 'CLDRADJ:NO DCB:A5 EY:1 LLP:NO RATEFRQ:ZERO RATETYPE:ACT RM:YTP', '14300000000', '01', '50', '98', '27', '9', '2', '2011-12-07 00:00:00', '2021-11-19 00:00:00', '2', '2014-06-04 00:00:00'), ('51', '22', NULL, 'CLDRADJ:NO DCB:A5 EY:1 LLP:NO RATEFRQ:ZERO RATETYPE:ACT RM:YTP', '7000000000', '01', '51', '97', '28', '10', '2', '2010-08-16 00:00:00', '2017-08-07 00:00:00', '2', '2014-08-11 00:00:00'), ('52', '23', NULL, 'CLDRADJ:NO DCB:A5 EY:1 LLP:NO RATEFRQ:ZERO RATETYPE:ACT RM:YTP', '5000000000', '01', '52', '96', '29', '11', '2', '2010-09-02 00:00:00', '2017-08-24 00:00:00', '2', '2014-08-28 00:00:00'), ('53', '24', NULL, 'CLDRADJ:NO DCB:A5 EY:1 LLP:NO RATEFRQ:ZERO RATETYPE:ACT RM:YTP', '5000000000', '01', '53', '95', '30', '12', '2', '2010-10-15 00:00:00', '2017-10-06 00:00:00', '2', '2014-10-10 00:00:00'), ('54', '25', NULL, 'CLDRADJ:NO DCB:A5 EY:1 LLP:NO RATEFRQ:ZERO RATETYPE:ACT RM:YTA', '2000000000', '04', '54', '94', '31', '10', '2', '2012-02-27 00:00:00', '2022-02-14 00:00:00', '2', '2014-08-25 00:00:00'), ('55', '25', NULL, 'CLDRADJ:NO DCB:A5 EY:1 LLP:NO RATEFRQ:ZERO RATETYPE:ACT RM:YTA', '2000000000', '03', '55', '93', '31', '10', '2', '2011-12-27 00:00:00', '2021-12-14 00:00:00', '2', '2014-06-24 00:00:00'), ('56', '25', NULL, 'CLDRADJ:NO DCB:A5 EY:1 LLP:NO RATEFRQ:ZERO RATETYPE:ACT RM:YTP', '5000000000', '2', '56', '92', '31', '10', '2', '2009-07-07 00:00:00', '2014-07-01 00:00:00', '2', NULL), ('57', '26', NULL, 'CLDRADJ:NO DCB:A5 EY:1 LLP:NO RATEFRQ:ZERO RATETYPE:ACT RM:YTM', '869141000', 'BO-02', '57', '91', '32', '12', '2', '2013-10-16 00:00:00', '2018-10-10 00:00:00', '2', '2014-10-15 00:00:00'), ('58', '27', NULL, 'CLDRADJ:NO DCB:A5 EY:1 LLP:NO RATEFRQ:ZERO RATETYPE:ACT RM:YTP', '10000000000', '08', '58', '90', '33', '11', '2', '2013-02-14 00:00:00', '2023-02-02 00:00:00', '2', '2014-08-14 00:00:00'), ('59', '27', NULL, 'CLDRADJ:NO DCB:A5 EY:1 LLP:NO RATEFRQ:ZERO RATETYPE:ACT RM:YTP', '10000000000', '07', '59', '89', '33', '11', '2', '2013-02-14 00:00:00', '2023-02-02 00:00:00', '2', '2014-08-14 00:00:00'), ('60', '27', NULL, 'CLDRADJ:NO DCB:A5 EY:1 LLP:NO RATEFRQ:ZERO RATETYPE:ACT RM:YTP', '5000000000', '02', '60', '88', '33', '11', '2', '2011-04-25 00:00:00', '2021-04-12 00:00:00', '2', '2014-10-20 00:00:00'), ('61', '27', NULL, 'CLDRADJ:NO DCB:A5 EY:1 LLP:NO RATEFRQ:ZERO RATETYPE:ACT RM:YTP', '10000000000', '01', '61', '87', '33', '11', '2', '2011-04-25 00:00:00', '2021-04-12 00:00:00', '2', '2014-10-20 00:00:00'), ('62', '28', NULL, 'CLDRADJ:NO DCB:A5 EY:1 LLP:NO RATEFRQ:ZERO RATETYPE:ACT RM:YTP', '5000000000', '3', '62', '86', '34', '12', '2', '2009-12-04 00:00:00', '2014-11-28 00:00:00', '2', '2014-05-30 00:00:00'), ('63', '28', NULL, 'CLDRADJ:NO DCB:A5 EY:1 LLP:NO RATEFRQ:ZERO RATETYPE:ACT RM:YTP', '5000000000', '02', '63', '85', '34', '12', '2', '2006-03-02 00:00:00', '2016-02-18 00:00:00', '2', '2014-08-21 00:00:00'), ('64', '29', NULL, 'CLDRADJ:NO DCB:A5 EY:1 LLP:NO RATEFRQ:ZERO RATETYPE:ACT RM:YTP', '6000000000', '2', '64', '84', '35', '10', '2', '2009-09-01 00:00:00', '2014-08-26 00:00:00', '2', NULL), ('65', '30', NULL, 'CLDRADJ:NO DCB:A5 EY:1 LLP:NO RATEFRQ:ZERO RATETYPE:ACT RM:YTM', '4000000000', 'BO-01', '65', '83', '36', '10', '2', '2012-12-18 00:00:00', '2015-12-15 00:00:00', '2', '2014-06-17 00:00:00'), ('66', '31', NULL, 'CLDRADJ:NO DCB:A5 EY:1 LLP:NO RATEFRQ:ZERO RATETYPE:ACT RM:YTM', '4000000000', 'BO-01', '66', '82', '37', '10', '2', '2012-10-17 00:00:00', '2015-10-14 00:00:00', '2', '2014-10-15 00:00:00'), ('67', '32', NULL, 'CLDRADJ:NO DCB:A5 EY:1 LLP:NO RATEFRQ:ZERO RATETYPE:ACT RM:YTM', '5000000000', 'BO-01', '67', '81', '38', '11', '2', '2012-09-21 00:00:00', '2015-09-09 00:00:00', '2', '2014-09-10 00:00:00'), ('68', '32', NULL, 'CLDRADJ:NO DCB:A5 EY:1 LLP:NO RATEFRQ:ZERO RATETYPE:ACT RM:YTM', '5000000000', 'BO-03', '68', '80', '38', '11', '2', '2013-02-13 00:00:00', '2016-02-10 00:00:00', '2', '2014-08-13 00:00:00'), ('69', '32', NULL, 'CLDRADJ:NO DCB:A5 EY:1 LLP:NO RATEFRQ:ZERO RATETYPE:ACT RM:YTM', '5000000000', 'BO-02', '69', '79', '38', '11', '2', '2012-10-29 00:00:00', '2015-10-26 00:00:00', '2', '2014-10-27 00:00:00'), ('70', '33', NULL, 'CLDRADJ:NO DCB:A5 EY:1 LLP:NO RATEFRQ:ZERO RATETYPE:ACT RM:YTM', '3000000000', 'BO-01', '70', '78', '39', '10', '2', '2013-04-17 00:00:00', '2016-04-13 00:00:00', '2', '2014-10-15 00:00:00'), ('71', '33', NULL, 'CLDRADJ:NO DCB:A5 EY:1 LLP:NO RATEFRQ:ZERO RATETYPE:ACT RM:YTP', '3000000000', '4', '71', '77', '39', '10', '2', '2012-04-24 00:00:00', '2017-04-18 00:00:00', '2', '2014-10-21 00:00:00'), ('72', '34', NULL, 'CLDRADJ:NO DCB:A5 EY:1 LLP:NO RATEFRQ:ZERO RATETYPE:ACT RM:YTM', '166000000', '01', '72', '76', '40', '10', '2', '2011-11-22 00:00:00', '2016-11-15 00:00:00', '2', '2014-05-20 00:00:00'), ('73', '35', NULL, 'CLDRADJ:NO DCB:A5 EY:1 LLP:NO RATEFRQ:ZERO RATETYPE:ACT RM:YTM', '158890000', '01', '73', '75', '41', '13', '2', '2013-06-18 00:00:00', '2016-06-14 00:00:00', '2', '2014-06-17 00:00:00'), ('74', '36', NULL, 'CLDRADJ:NO DCB:A5 EY:1 LLP:NO RATEFRQ:ZERO RATETYPE:ACT RM:YTP', '10000000000', 'BO-01', '74', '74', '42', '10', '2', '2012-10-24 00:00:00', '2015-10-21 00:00:00', '2', '2014-10-22 00:00:00'), ('75', '36', NULL, 'CLDRADJ:NO DCB:A5 EY:1 LLP:NO RATEFRQ:ZERO RATETYPE:ACT RM:YTP', '5000000000', '9', '75', '73', '42', '10', '2', '2010-10-29 00:00:00', '2020-10-16 00:00:00', '2', '2014-10-24 00:00:00'), ('76', '36', NULL, 'CLDRADJ:NO DCB:A5 EY:1 LLP:NO RATEFRQ:ZERO RATETYPE:ACT RM:YTP', '10000000000', '08', '76', '72', '42', '10', '2', '2010-09-28 00:00:00', '2020-09-15 00:00:00', '2', '2014-09-23 00:00:00'), ('77', '36', NULL, 'CLDRADJ:NO DCB:A5 EY:1 LLP:NO RATEFRQ:ZERO RATETYPE:ACT RM:YTP', '5000000000', '07', '77', '71', '42', '10', '2', '2010-10-29 00:00:00', '2020-10-16 00:00:00', '2', '2014-10-24 00:00:00'), ('78', '36', NULL, 'CLDRADJ:NO DCB:A5 EY:1 LLP:NO RATEFRQ:ZERO RATETYPE:ACT RM:YTP', '10000000000', '06', '78', '70', '42', '10', '2', '2010-09-28 00:00:00', '2020-09-15 00:00:00', '2', '2014-09-23 00:00:00'), ('79', '36', NULL, 'DCB:A5 EY:91D LLP:NO RATEFRQ:ZERO RATETYPE:ACT RM:YTP', '14000000000', '34', '79', '69', '42', '10', '2', '2013-12-13 00:00:00', '2048-10-30 00:00:00', '2', '2014-06-13 00:00:00'), ('80', '36', NULL, 'DCB:A5 EY:91D LLP:NO RATEFRQ:ZERO RATETYPE:ACT RM:YTP', '10000000000', '30', '80', '68', '42', '10', '2', '2013-12-13 00:00:00', '2048-10-30 00:00:00', '2', '2014-06-13 00:00:00'), ('81', '36', NULL, 'CLDRADJ:NO DCB:A5 EY:1 LLP:NO RATEFRQ:ZERO RATETYPE:ACT RM:YTP', '20000000000', '29', '81', '67', '42', '10', '2', '2013-10-21 00:00:00', '2048-09-07 00:00:00', '2', '2014-07-21 00:00:00'), ('82', '36', NULL, 'DCB:A5 EY:91D LLP:NO RATEFRQ:ZERO RATETYPE:ACT RM:YTP', '20000000000', '28', '82', '66', '42', '10', '2', '2013-06-10 00:00:00', '2048-04-27 00:00:00', '2', '2014-06-09 00:00:00'), ('83', '36', NULL, 'CLDRADJ:NO DCB:A5 EY:1 LLP:NO RATEFRQ:ZERO RATETYPE:ACT RM:YTP', '15000000000', '25', '83', '65', '42', '10', '2', '2012-10-02 00:00:00', '2027-09-14 00:00:00', '2', '2014-09-30 00:00:00'), ('84', '36', NULL, 'CLDRADJ:NO DCB:A5 EY:1 LLP:NO RATEFRQ:ZERO RATETYPE:ACT RM:YTP', '10000000000', '24', '84', '64', '42', '10', '2', '2013-01-25 00:00:00', '2028-01-07 00:00:00', '2', '2014-07-25 00:00:00'), ('85', '36', NULL, 'DCB:A5 EY:91D LLP:NO RATEFRQ:ZERO RATETYPE:ACT RM:YTP', '10000000000', '23', '85', '63', '42', '10', '2', '2013-06-10 00:00:00', '2048-04-27 00:00:00', '2', '2014-06-09 00:00:00'), ('86', '36', NULL, 'DCB:A5 EY:182D LLP:NO RATEFRQ:ZERO RATETYPE:ACT RM:YTP', '10000000000', '22', '86', '62', '42', '10', '2', '2012-08-08 00:00:00', '2027-07-21 00:00:00', '2', '2014-08-06 00:00:00'), ('87', '36', NULL, 'CLDRADJ:NO DCB:A5 EY:1 LLP:NO RATEFRQ:ZERO RATETYPE:ACT RM:YTP', '10000000000', '21', '87', '61', '42', '10', '2', '2012-10-24 00:00:00', '2027-10-06 00:00:00', '2', '2014-10-22 00:00:00'), ('88', '36', NULL, 'CLDRADJ:NO DCB:A5 EY:1 LLP:NO RATEFRQ:ZERO RATETYPE:ACT RM:YTP', '20000000000', '19', '88', '60', '42', '10', '2', '2011-07-21 00:00:00', '2023-07-06 00:00:00', '2', '2014-07-17 00:00:00'), ('89', '36', NULL, 'CLDRADJ:NO DCB:A5 EY:1 LLP:NO RATEFRQ:ZERO RATETYPE:ACT RM:YTP', '15000000000', '18', '89', '59', '42', '10', '2', '2011-12-12 00:00:00', '2023-11-27 00:00:00', '2', '2014-06-09 00:00:00'), ('90', '36', NULL, 'CLDRADJ:NO DCB:A5 EY:1 LLP:NO RATEFRQ:ZERO RATETYPE:ACT RM:YTP', '10000000000', '15', '90', '58', '42', '10', '2', '2011-10-27 00:00:00', '2023-10-12 00:00:00', '2', '2014-10-23 00:00:00'), ('91', '36', NULL, 'CLDRADJ:NO DCB:A5 EY:1 LLP:NO RATEFRQ:ZERO RATETYPE:ACT RM:YTM', '10000000000', '13', '91', '57', '42', '10', '2', '2011-07-05 00:00:00', '2021-06-22 00:00:00', '2', '2014-07-01 00:00:00'), ('92', '36', NULL, 'CLDRADJ:NO DCB:A5 EY:1 LLP:NO RATEFRQ:ZERO RATETYPE:ACT RM:YTP', '10000000000', '12', '92', '56', '42', '10', '2', '2012-04-27 00:00:00', '2019-04-19 00:00:00', '2', '2014-10-24 00:00:00'), ('93', '36', NULL, 'CLDRADJ:NO DCB:A5 EY:1 LLP:NO RATEFRQ:ZERO RATETYPE:ACT RM:YTP', '10000000000', '11', '93', '55', '42', '10', '2', '2010-10-29 00:00:00', '2020-10-16 00:00:00', '2', '2014-10-24 00:00:00'), ('94', '36', NULL, 'CLDRADJ:NO DCB:A5 EY:1 LLP:NO RATEFRQ:ZERO RATETYPE:ACT RM:YTP', '10000000000', '10', '94', '54', '42', '10', '2', '2010-09-28 00:00:00', '2020-09-15 00:00:00', '2', '2014-09-23 00:00:00'), ('95', '37', NULL, 'CLDRADJ:NO DCB:A5 EY:1 LLP:NO RATEFRQ:ZERO RATETYPE:ACT RM:YTM', '5000000000', 'BO-18', '95', '53', '43', '11', '2', '2011-06-29 00:00:00', '2014-06-25 00:00:00', '2', NULL), ('96', '38', NULL, 'CLDRADJ:NO DCB:A5 EY:1 LLP:NO RATEFRQ:ZERO RATETYPE:ACT RM:YTM', '10000000000', '06', '96', '52', '44', '14', '2', '2010-08-05 00:00:00', '2014-08-15 00:00:00', '2', NULL)
INSERT INTO "FieldDefinition"("id", "Name") VALUES ('1', 'BID'), ('2', 'ASK'), ('3', 'LAST'), ('4', 'CLOSE'), ('5', 'VWAP'), ('6', 'VOLUME'), ('7', 'VALUE'), ('8', 'TENOR'), ('9', 'MATURITY')
INSERT INTO "Field"("id", "SystemName", "id_FieldGroup", "id_FieldDef") VALUES ('20', 'BID', '1', '1'), ('21', 'ASK', '1', '2'), ('22', 'LAST', '1', '3'), ('23', 'CLOSE', '1', '4'), ('24', 'VWAP', '1', '5'), ('25', 'VOLUME', '1', '6'), ('26', 'VALUE', '1', '7'), ('27', '393', '2', '1'), ('28', '275', '2', '2'), ('29', 'CLOSE', '2', '4'), ('30', '1054', '3', '1'), ('31', '831', '3', '4'), ('32', '393', '4', '1'), ('33', 'CLOSE', '4', '4'), ('34', '393', '5', '1'), ('35', '275', '5', '2'), ('36', '1003', '5', '8'), ('37', '22', '6', '1'), ('38', '25', '6', '2'), ('39', '1051', '6', '9'), ('40', '970', '7', '1'), ('41', '1003', '7', '8'), ('42', '22', '8', '1'), ('43', '25', '8', '2')
INSERT INTO "PropertyValue"("id", "id_Property", "id_Instrument", "Value") VALUES ('87', '1', '49', 'Zarechnaya 01'), ('88', '1', '50', 'Uranium 01'), ('89', '1', '51', 'TGK-9 01'), ('90', '1', '52', 'TGK-6 01'), ('91', '1', '53', 'TGC-5 01'), ('92', '1', '54', 'TGK 1 04'), ('93', '1', '55', 'TGK 1 03'), ('94', '1', '56', 'TGK 1 2'), ('95', '1', '57', 'TGK-2 BO-02'), ('96', '1', '58', 'RusHydro 08'), ('97', '1', '59', 'RusHydro 07'), ('98', '1', '60', 'RusHydro 02'), ('99', '1', '61', 'RusHydro 01'), ('100', '1', '62', 'Mosenergo 3'), ('101', '1', '63', 'Mosenergo 02'), ('102', '1', '64', 'MRSK-Yuga 2'), ('103', '1', '65', 'MRSK Tsentr Prv BO-01'), ('104', '1', '66', 'MRSK Tsentra BO-01'), ('105', '1', '67', 'MOESK BO-01'), ('106', '1', '68', 'MOESK BO-03'), ('107', '1', '69', 'MOESK BO-02'), ('108', '1', '70', 'Lenenergo BO-01'), ('109', '1', '71', 'Lenenergo 4'), ('110', '1', '72', 'Intertekhelektro 01'), ('111', '1', '73', 'GK EFESk 01'), ('112', '1', '74', 'FGC UES BO-01'), ('113', '1', '75', 'FGC UES 9'), ('114', '1', '76', 'FGC UES 08'), ('115', '1', '77', 'FGC UES 07'), ('116', '1', '78', 'FGC UES 06'), ('117', '1', '79', 'FGC UES 29'), ('118', '1', '80', 'FGC UES 25'), ('119', '1', '81', 'FGC UES 24'), ('120', '1', '82', 'FGC UES 21'), ('121', '1', '83', 'FGC UES 19'), ('122', '1', '84', 'FGC UES 18'), ('123', '1', '85', 'FGC UES 15'), ('124', '1', '86', 'FGC UES 13'), ('125', '1', '87', 'FGC UES 12'), ('126', '1', '88', 'FGC UES 11'), ('127', '1', '89', 'FGC UES 10'), ('128', '1', '90', 'Enel OGK BO-18'), ('129', '1', '91', 'Atomenergoprom 06'), ('130', '2', '49', 'Zarechnaya 10.80 ''Dec-18'), ('131', '2', '50', 'Uranium 9.75 ''Nov-21'), ('132', '2', '51', 'TGK-9 8.10 ''Aug-17'), ('133', '2', '52', 'TGK-6 10.50 ''Aug-17'), ('134', '2', '53', 'TGC-5 10.50 ''Oct-17'), ('135', '2', '54', 'TGK 1 8.00 ''Feb-22'), ('136', '2', '55', 'TGK 1 8.10 ''Dec-21'), ('137', '2', '56', 'TGK 1 7.25 ''Jul-14'), ('138', '2', '57', 'TGK-2 12.00 ''Oct-18'), ('139', '2', '58', 'RusHydro 8.50 ''Feb-23'), ('140', '2', '59', 'RusHydro 8.50 ''Feb-23'), ('141', '2', '60', 'RusHydro 8.00 ''Apr-21'), ('142', '2', '61', 'RusHydro 8.00 ''Apr-21'), ('143', '2', '62', 'Mosenergo 8.70 ''Nov-14'), ('144', '2', '63', 'Mosenergo 8.25 ''Feb-16'), ('145', '2', '64', 'MRSK-Yuga 8.10 ''Aug-14'), ('146', '2', '65', 'MRSK Tsentr Prv 9.15 ''Dec-15'), ('147', '2', '66', 'MRSK Tsentra 8.95 ''Oct-15'), ('148', '2', '67', 'MOESK 8.80 ''Sep-15'), ('149', '2', '68', 'MOESK 8.50 ''Feb-16'), ('150', '2', '69', 'MOESK 8.80 ''Oct-15'), ('151', '2', '70', 'Lenenergo 8.25 ''Apr-16'), ('152', '2', '71', 'Lenenergo 8.50 ''Apr-17'), ('153', '2', '72', 'Intertekhelektro 8.75 ''Nov-16'), ('154', '2', '73', 'GK EFESk 13.25 ''Jun-16'), ('155', '2', '74', 'FGC UES 8.10 ''Oct-15'), ('156', '2', '75', 'FGC UES 7.99 ''Oct-20'), ('157', '2', '76', 'FGC UES 8.25 ''Sep-20'), ('158', '2', '77', 'FGC UES 7.50 ''Oct-20'), ('159', '2', '78', 'FGC UES 8.25 ''Sep-20'), ('160', '2', '79', 'FGC UES 7.90 ''Sep-48'), ('161', '2', '80', 'FGC UES 8.60 ''Sep-27'), ('162', '2', '81', 'FGC UES 8.00 ''Jan-28'), ('163', '2', '82', 'FGC UES 8.75 ''Oct-27'), ('164', '2', '83', 'FGC UES 7.95 ''Jul-23'), ('165', '2', '84', 'FGC UES 8.50 ''Nov-23'), ('166', '2', '85', 'FGC UES 8.75 ''Oct-23'), ('167', '2', '86', 'FGC UES 8.50 ''Jun-21'), ('168', '2', '87', 'FGC UES 8.10 ''Apr-19'), ('169', '2', '88', 'FGC UES 7.99 ''Oct-20'), ('170', '2', '89', 'FGC UES 7.75 ''Sep-20'), ('171', '2', '90', 'Enel OGK 7.10 ''Jun-14'), ('172', '2', '91', 'Atomenergoprom 7.50 ''Aug-14'), ('173', '3', '92', 'FGC UES ''Oct-48'), ('174', '3', '93', 'FGC UES ''Oct-48'), ('175', '3', '94', 'FGC UES ''Apr-48'), ('176', '3', '95', 'FGC UES ''Apr-48'), ('177', '3', '96', 'FGC UES ''Jul-27')
INSERT INTO "SourceType"("id", "Name") VALUES ('1', 'Universe'), ('2', 'Chain'), ('3', 'List'), ('4', 'Query'), ('5', 'Source')
INSERT INTO "FieldGroup"("id", "Name", "Default", "id_DefaultFieldDef") VALUES ('1', 'Micex', '0', NULL), ('2', 'Eurobonds', '1', '1'), ('3', 'Russian CPI Index', '0', NULL), ('4', 'Mosprime', '0', NULL), ('5', 'Swaps', '0', NULL), ('6', 'RUBDEPO=', '0', NULL), ('7', '0#AAAEURBMK=', '0', NULL), ('8', '0#RUBIDZ=R', '0', NULL)
INSERT INTO "Property"("id", "Name", "Description", "Expression", "id_InstrumentTpe") VALUES ('1', 'Issuer-Series', 'Label', '$Name + " " + $Series', '1'), ('2', 'Issuer-Coupon-Maturity', 'Label', '$Name + IIf(Not IsNothing($Coupon), " " + Format("0.00", $Coupon), "") + IIf(Not IsNothing($Maturity), " ''" + Format("MMM-yy", $Maturity), "")', '1'), ('3', 'Issuer-Coupon-Maturity', 'Label', '$Name + IIf(Not IsNothing($IdxName), " " + $IdxName + IIf(Not IsNothing($Margin), " + " + Format("0.00", $Margin), ""), "") + IIf(Not IsNothing($Maturity), " ''" + Format("MMM-yy", $Maturity), "")', '2')
INSERT INTO "Leg"("id", "Structure", "id_Instrument", "id_LegType", "id_Currency", "FixedRate", "id_Idx", "Cap", "Floor", "Margin") VALUES ('44', 'ACC:A5 ARND:1E-3:NEAR CCM:MMA5 CFADJ:NO CLDR:RUS_FI CRND:1E-5:NEAR DATED:30DEC2011 DMC:F EMC:S FRCD:29JUN2012 FRQ:182D ISSUE:30DEC2011 NOTP:18:CALENDAR NOTIONAL:1 PUT:12JAN2015:1 PX:C PXRND:1E-4:NEAR REFDATE:MATURITY RP:1 SETTLE:0WD STEP:06JAN2012:0.108 XD:6WD YLDRND:1E-4:NEAR ', '49', '1', '2', '10.8', NULL, NULL, NULL, NULL), ('45', 'ACC:A5 ARND:1E-3:NEAR CCM:MMA5 CFADJ:NO CLDR:RUS_FI CRND:1E-5:NEAR DATED:07DEC2011 DMC:F EMC:S FRCD:06JUN2012 FRQ:182D ISSUE:07DEC2011 LRCD:26MAY2021 NOTP:5:CALENDAR NOTIONAL:1 PUT:05DEC2016:1 PX:C PXRND:1E-4:NEAR REFDATE:MATURITY RP:1 SETTLE:0WD STEP:14DEC2011:0.0975 XD:3WD YLDRND:1E-4:NEAR ', '50', '1', '2', '9.75', NULL, NULL, NULL, NULL), ('46', 'ACC:A5 ARND:1E-3:NEAR CCM:MMA5 CFADJ:NO CLDR:RUS_FI CRND:1E-5:NEAR DATED:16AUG2010 DMC:F EMC:S FRCD:14FEB2011 FRQ:182D ISSUE:16AUG2010 NOTP:3:CALENDAR NOTIONAL:1 PUT:15AUG2013:1 PX:C PXRND:1E-4:NEAR REFDATE:MATURITY RP:1 SETTLE:0WD STEP:23AUG2010:0.081 XD:6WD YLDRND:1E-4:NEAR ', '51', '1', '2', '8.1', NULL, NULL, NULL, NULL), ('47', 'ACC:A5 ARND:1E-3:NEAR CCM:MMA5 CFADJ:NO CLDR:RUS_FI CRND:1E-5:NEAR DATED:02SEP2010 DMC:F EMC:S FRCD:03MAR2011 FRQ:182D ISSUE:02SEP2010 NOTP:5:CALENDAR NOTIONAL:1 PUT:03SEP2013:1 PUT:03MAR2015:1 PX:C PXRND:1E-4:NEAR REFDATE:MATURITY RP:1 SETTLE:0WD STEP:09SEP2010:0.083 STEP:05SEP2013:0.105 XD:NO YLDRND:1E-4:NEAR ', '52', '1', '2', '10.5', NULL, NULL, NULL, NULL), ('48', 'ACC:A5 ARND:1E-3:NEAR CCM:MMA5 CFADJ:NO CLDR:RUS_FI CRND:1E-5:NEAR DATED:15OCT2010 DMC:F EMC:S FRCD:15APR2011 FRQ:182D ISSUE:15OCT2010 NOTP:5:CALENDAR NOTIONAL:1 PUT:16OCT2013:1 PUT:15APR2015:1 PX:C PXRND:1E-4:NEAR REFDATE:MATURITY RP:1 SETTLE:0WD STEP:22OCT2010:0.0875 STEP:18OCT2013:0.105 XD:6WD YLDRND:1E-4:NEAR ', '53', '1', '2', '10.5', NULL, NULL, NULL, NULL), ('49', 'ACC:A5 ARND:1E-3:NEAR CALL:24FEB2014:1 CALL:25AUG2014:1 CALL:23FEB2015:1 CALL:24AUG2015:1 CALL:22FEB2016:1 CALL:22AUG2016:1 CALL:20FEB2017:1 CALL:21AUG2017:1 CALL:19FEB2018:1 CALL:20AUG2018:1 CALL:18FEB2019:1 CALL:19AUG2019:1 CALL:17FEB2020:1 CALL:17AUG2020:1 CALL:15FEB2021:1 CALL:16AUG2021:1 CCM:MMA5 CFADJ:NO CLDR:RUS_FI CRND:1E-5:NEAR DATED:27FEB2012 DMC:F EMC:S FRCD:27AUG2012 FRQ:182D ISSUE:27FEB2012 NOTC:14 NOTIONAL:1 PX:C PXRND:1E-4:NEAR REFDATE:MATURITY RP:1 SETTLE:0WD STEP:05MAR2012:0.076 STEP:04MAR2013:0.081 STEP:03MAR2014:0.08 XD:3WD YLDRND:1E-4:NEAR ', '54', '1', '2', '8', NULL, NULL, NULL, NULL), ('50', 'ACC:A5 ARND:1E-3:NEAR CCM:MMA5 CFADJ:NO CLDR:RUS_FI CRND:1E-5:NEAR DATED:27DEC2011 DMC:F EMC:S FRCD:26JUN2012 FRQ:182D ISSUE:27DEC2011 NOTIONAL:1 PX:C PXRND:1E-4:NEAR REFDATE:MATURITY RP:1 SETTLE:0WD STEP:03JAN2012:0.103 STEP:03JUL2012:0.076 STEP:02JUL2013:0.081 XD:3WD YLDRND:1E-4:NEAR ', '55', '1', '2', '8.1', NULL, NULL, NULL, NULL), ('51', 'ACC:A5 ARND:1E-3:NEAR CCM:MMA5 CFADJ:NO CLDR:RUS_FI CRND:1E-5:NEAR DATED:07JUL2009 DMC:F EMC:S FRCD:05JAN2010 FRQ:182D ISSUE:07JUL2009 NOTP:6:CALENDAR NOTIONAL:1 PUT:11JUL2011:1 PUT:08JUL2013:1 PX:C PXRND:1E-4:NEAR REFDATE:MATURITY RP:1 SETTLE:0WD STEP:14JUL2009:0.1699 STEP:12JUL2011:0.067 STEP:09JUL2013:0.0725 XD:3WD YLDRND:1E-4:NEAR ', '56', '1', '2', '7.25', NULL, NULL, NULL, NULL), ('52', 'ACC:A5 AMORT:15APR2015:0.125 AMORT:14OCT2015:0.125 AMORT:13APR2016:0.125 AMORT:12OCT2016:0.125 AMORT:12APR2017:0.125 AMORT:11OCT2017:0.125 AMORT:11APR2018:0.125 AMORT:10OCT2018:0.1250000001 ARND:1E-3:FACENEAR CCM:MMA5 CFADJ:NO CLDR:RUS_FI CRND:1E-5:FACENEAR DATED:16OCT2013 DMC:F EMC:S FRCD:16APR2014 FRQ:182D ISSUE:16OCT2013 NC:YES NOTIONAL:1 PX:C PXRND:1E-4:NEAR REFDATE:MATURITY RP:1 SETTLE:0WD SFACL:1 SPR XD:NO YLDRND:1E-4:NEAR ', '57', '1', '2', '12', NULL, NULL, NULL, NULL), ('53', 'ACC:A5 ARND:1E-3:NEAR CCM:MMA5 CFADJ:NO CLDR:RUS_FI CRND:1E-5:NEAR DATED:14FEB2013 DMC:F EMC:S FRCD:15AUG2013 FRQ:182D ISSUE:14FEB2013 NOTP:5:CALENDAR NOTIONAL:1 PUT:13FEB2018:1 PX:C PXRND:1E-4:NEAR REFDATE:MATURITY RP:1 SETTLE:0WD STEP:21FEB2013:0.085 XD:NO YLDRND:1E-4:NEAR ', '58', '1', '2', '8.5', NULL, NULL, NULL, NULL), ('54', 'ACC:A5 ARND:1E-3:NEAR CCM:MMA5 CFADJ:NO CLDR:RUS_FI CRND:1E-5:NEAR DATED:14FEB2013 DMC:F EMC:S FRCD:15AUG2013 FRQ:182D ISSUE:14FEB2013 NOTP:5:CALENDAR NOTIONAL:1 PUT:13FEB2018:1 PX:C PXRND:1E-4:NEAR REFDATE:MATURITY RP:1 SETTLE:0WD STEP:21FEB2013:0.085 XD:NO YLDRND:1E-4:NEAR ', '59', '1', '2', '8.5', NULL, NULL, NULL, NULL), ('55', 'ACC:A5 ARND:1E-3:NEAR CCM:MMA5 CFADJ:NO CLDR:RUS_FI CRND:1E-5:NEAR DATED:25APR2011 DMC:F EMC:S FRCD:24OCT2011 FRQ:182D ISSUE:25APR2011 NOTP:4:CALENDAR NOTIONAL:1 PUT:22APR2016:1 PX:C PXRND:1E-4:NEAR REFDATE:MATURITY RP:1 SETTLE:0WD STEP:02MAY2011:0.08 XD:6WD YLDRND:1E-4:NEAR ', '60', '1', '2', '8', NULL, NULL, NULL, NULL), ('56', 'ACC:A5 ARND:1E-3:NEAR CCM:MMA5 CFADJ:NO CLDR:RUS_FI CRND:1E-5:NEAR DATED:25APR2011 DMC:F EMC:S FRCD:24OCT2011 FRQ:182D ISSUE:25APR2011 NOTP:4:CALENDAR NOTIONAL:1 PUT:22APR2016:1 PX:C PXRND:1E-4:NEAR REFDATE:MATURITY RP:1 SETTLE:0WD STEP:02MAY2011:0.08 XD:6WD YLDRND:1E-4:NEAR ', '61', '1', '2', '8', NULL, NULL, NULL, NULL), ('57', 'ACC:A5 ARND:1E-3:NEAR CCM:MMA5 CFADJ:NO CLDR:RUS_FI CRND:1E-5:NEAR DATED:04DEC2009 DMC:F EMC:S FRCD:04JUN2010 FRQ:182D ISSUE:04DEC2009 NOTP:6:CALENDAR NOTIONAL:1 PUT:06DEC2012:1 PX:C PXRND:1E-4:NEAR REFDATE:MATURITY RP:1 SETTLE:0WD STEP:11DEC2009:0.1025 STEP:07DEC2012:0.087 XD:3WD YLDRND:1E-4:NEAR ', '62', '1', '2', '8.7', NULL, NULL, NULL, NULL), ('58', 'ACC:A5 ARND:1E-3:NEAR CCM:MMA5 CFADJ:NO CLDR:RUS_FI CRND:1E-5:NEAR DATED:02MAR2006 DMC:F EMC:S FRCD:31AUG2006 FRQ:182D ISSUE:02MAR2006 NOTP:4:CALENDAR NOTIONAL:1 PUT:27FEB2012:1 PUT:25FEB2013:1 PX:C PXRND:1E-4:NEAR REFDATE:MATURITY RP:1 SETTLE:0WD STEP:09MAR2006:0.0765 STEP:01MAR2012:0.01 STEP:28FEB2013:0.0825 XD:3WD YLDRND:1E-4:NEAR ', '63', '1', '2', '8.25', NULL, NULL, NULL, NULL), ('59', 'ACC:A5 ARND:1E-3:NEAR CCM:MMA5 CFADJ:NO CLDR:RUS_FI CRND:1E-5:NEAR DATED:01SEP2009 DMC:F EMC:S FRCD:02MAR2010 FRQ:182D ISSUE:01SEP2009 NOTP:2:CALENDAR NOTIONAL:1 PUT:01SEP2011:1 PX:C PXRND:1E-4:NEAR REFDATE:MATURITY RP:1 SETTLE:0WD STEP:08SEP2009:0.175 STEP:06SEP2011:0.081 XD:6WD YLDRND:1E-4:NEAR ', '64', '1', '2', '8.1', NULL, NULL, NULL, NULL), ('60', 'ACC:A5 ARND:1E-3:NEAR CCM:MMA5 CFADJ:NO CLDR:RUS_FI CRND:1E-5:NEAR DATED:18DEC2012 DMC:F EMC:S FRCD:18JUN2013 FRQ:182D ISSUE:18DEC2012 NOTIONAL:1 PX:C PXRND:1E-4:NEAR REFDATE:MATURITY RP:1 SETTLE:0WD XD:NO YLDRND:1E-4:NEAR ', '65', '1', '2', '9.15', NULL, NULL, NULL, NULL), ('61', 'ACC:A5 ARND:1E-3:NEAR CCM:MMA5 CFADJ:NO CLDR:RUS_FI CRND:1E-5:NEAR DATED:17OCT2012 DMC:F EMC:S FRCD:17APR2013 FRQ:182D ISSUE:17OCT2012 NOTIONAL:1 PX:C PXRND:1E-4:NEAR REFDATE:MATURITY RP:1 SETTLE:0WD XD:NO YLDRND:1E-4:NEAR ', '66', '1', '2', '8.95', NULL, NULL, NULL, NULL), ('62', 'ACC:A5 ARND:1E-3:NEAR CCM:MMA5 CFADJ:NO CLDR:RUS_FI CRND:1E-5:NEAR DATED:21SEP2012 DMC:F EMC:S FRCD:13MAR2013 FRQ:182D ISSUE:21SEP2012 NOTIONAL:1 PX:C PXRND:1E-4:NEAR REFDATE:MATURITY RP:1 SETTLE:0WD XD:NO YLDRND:1E-4:NEAR ', '67', '1', '2', '8.8', NULL, NULL, NULL, NULL), ('63', 'ACC:A5 ARND:1E-3:NEAR CCM:MMA5 CFADJ:NO CLDR:RUS_FI CRND:1E-5:NEAR DATED:13FEB2013 DMC:F EMC:S FRCD:14AUG2013 FRQ:182D ISSUE:13FEB2013 NOTIONAL:1 PX:C PXRND:1E-4:NEAR REFDATE:MATURITY RP:1 SETTLE:0WD XD:NO YLDRND:1E-4:NEAR ', '68', '1', '2', '8.5', NULL, NULL, NULL, NULL), ('64', 'ACC:A5 ARND:1E-3:NEAR CCM:MMA5 CFADJ:NO CLDR:RUS_FI CRND:1E-5:NEAR DATED:29OCT2012 DMC:F EMC:S FRCD:29APR2013 FRQ:182D ISSUE:29OCT2012 NOTIONAL:1 PX:C PXRND:1E-4:NEAR REFDATE:MATURITY RP:1 SETTLE:0WD XD:NO YLDRND:1E-4:NEAR ', '69', '1', '2', '8.8', NULL, NULL, NULL, NULL), ('65', 'ACC:A5 ARND:1E-3:NEAR CCM:MMA5 CFADJ:NO CLDR:RUS_FI CRND:1E-5:NEAR DATED:17APR2013 DMC:F EMC:S FRCD:16OCT2013 FRQ:182D ISSUE:17APR2013 NOTIONAL:1 PX:C PXRND:1E-4:NEAR REFDATE:MATURITY RP:1 SETTLE:0WD XD:NO YLDRND:1E-4:NEAR ', '70', '1', '2', '8.25', NULL, NULL, NULL, NULL), ('66', 'ACC:A5 ARND:1E-3:NEAR CCM:MMA5 CFADJ:NO CLDR:RUS_FI CRND:1E-5:NEAR DATED:24APR2012 DMC:F EMC:S FRCD:23OCT2012 FRQ:182D ISSUE:24APR2012 NOTP:3:CALENDAR NOTIONAL:1 PUT:24APR2015:1 PX:C PXRND:1E-4:NEAR REFDATE:MATURITY RP:1 SETTLE:0WD STEP:01MAY2012:0.085 XD:NO YLDRND:1E-4:NEAR ', '71', '1', '2', '8.5', NULL, NULL, NULL, NULL), ('67', 'ACC:A5 ARND:1E-3:NEAR CCM:MMA5 CFADJ:NO CLDR:RUS_FI CRND:1E-5:NEAR DATED:22NOV2011 DMC:F EMC:S FRCD:22MAY2012 FRQ:182D ISSUE:22NOV2011 NOTIONAL:1 PX:C PXRND:1E-4:NEAR REFDATE:MATURITY RP:1 SETTLE:0WD XD:6WD YLDRND:1E-4:NEAR ', '72', '1', '2', '8.75', NULL, NULL, NULL, NULL), ('68', 'ACC:A5 ARND:1E-3:NEAR CCM:MMA5 CFADJ:NO CLDR:RUS_FI CRND:1E-5:NEAR DATED:18JUN2013 DMC:F EMC:S FRCD:17SEP2013 FRQ:91D ISSUE:18JUN2013 NOTIONAL:1 PX:C PXRND:1E-4:NEAR REFDATE:MATURITY RP:1 SETTLE:0WD XD:NO YLDRND:1E-4:NEAR ', '73', '1', '2', '13.25', NULL, NULL, NULL, NULL), ('69', 'ACC:A5 ARND:1E-3:NEAR CCM:MMA5 CFADJ:NO CLDR:RUS_FI CRND:1E-5:NEAR DATED:24OCT2012 DMC:F EMC:S FRCD:24APR2013 FRQ:182D ISSUE:24OCT2012 NOTP:7:CALENDAR NOTIONAL:1 PUT:29APR2015:1 PX:C PXRND:1E-4:NEAR REFDATE:MATURITY RP:1 SETTLE:0WD STEP:31OCT2012:0.081 XD:NO YLDRND:1E-4:NEAR ', '74', '1', '2', '8.1', NULL, NULL, NULL, NULL), ('70', 'ACC:A5 ARND:1E-3:NEAR CCM:MMA5 CFADJ:NO CLDR:RUS_FI CRND:1E-5:NEAR DATED:29OCT2010 DMC:F EMC:S FRCD:29APR2011 FRQ:182D ISSUE:29OCT2010 NOTP:4:CALENDAR NOTIONAL:1 PUT:24OCT2017:1 PX:C PXRND:1E-4:NEAR REFDATE:MATURITY RP:1 SETTLE:0WD STEP:05NOV2010:0.0799 XD:3WD YLDRND:1E-4:NEAR ', '75', '1', '2', '7.99', NULL, NULL, NULL, NULL), ('71', 'ACC:A5 ARND:1E-3:NEAR CCM:MMA5 CFADJ:NO CLDR:RUS_FI CRND:1E-5:NEAR DATED:28SEP2010 DMC:F EMC:S FRCD:29MAR2011 FRQ:182D ISSUE:28SEP2010 NOTP:2:CALENDAR NOTIONAL:1 PUT:26SEP2013:1 PX:C PXRND:1E-4:NEAR REFDATE:MATURITY RP:1 SETTLE:0WD STEP:05OCT2010:0.0715 STEP:01OCT2013:0.0825 XD:3WD YLDRND:1E-4:NEAR ', '76', '1', '2', '8.25', NULL, NULL, NULL, NULL), ('72', 'ACC:A5 ARND:1E-3:NEAR CCM:MMA5 CFADJ:NO CLDR:RUS_FI CRND:1E-5:NEAR DATED:29OCT2010 DMC:F EMC:S FRCD:29APR2011 FRQ:182D ISSUE:29OCT2010 NOTP:3:CALENDAR NOTIONAL:1 PUT:27OCT2015:1 PX:C PXRND:1E-4:NEAR REFDATE:MATURITY RP:1 SETTLE:0WD STEP:05NOV2010:0.075 XD:3WD YLDRND:1E-4:NEAR ', '77', '1', '2', '7.5', NULL, NULL, NULL, NULL), ('73', 'ACC:A5 ARND:1E-3:NEAR CCM:MMA5 CFADJ:NO CLDR:RUS_FI CRND:1E-5:NEAR DATED:28SEP2010 DMC:F EMC:S FRCD:29MAR2011 FRQ:182D ISSUE:28SEP2010 NOTP:2:CALENDAR NOTIONAL:1 PUT:26SEP2013:1 PX:C PXRND:1E-4:NEAR REFDATE:MATURITY RP:1 SETTLE:0WD STEP:05OCT2010:0.0715 STEP:01OCT2013:0.0825 XD:3WD YLDRND:1E-4:NEAR ', '78', '1', '2', '8.25', NULL, NULL, NULL, NULL), ('74', 'ACC:A5 ARND:1E-3:NEAR CCM:BBA5 CFADJ:NO CLDR:RUS_FI CRND:1E-5:NEAR DATED:13DEC2013 DMC:F EMC:S FRCD:14MAR2014 FRQ:91D ISSUE:13DEC2013 NOTP:10:CALENDAR NOTIONAL:1 PUT:12NOV2046:1 PX:C PXRND:1E-4:NEAR REFDATE:MATURITY RP:1 SETTLE:0WD XD:NO YLDRND:1E-4:NEAR ', '92', '1', '2', NULL, '4', NULL, '0.01', '-1'), ('75', 'ACC:A5 ARND:1E-3:NEAR CCM:BBA5 CFADJ:NO CLDR:RUS_FI CRND:1E-5:NEAR DATED:13DEC2013 DMC:F EMC:S FRCD:14MAR2014 FRQ:91D ISSUE:13DEC2013 NOTP:10:CALENDAR NOTIONAL:1 PUT:12NOV2046:1 PX:C PXRND:1E-4:NEAR REFDATE:MATURITY RP:1 SETTLE:0WD XD:NO YLDRND:1E-4:NEAR ', '93', '1', '2', NULL, '4', NULL, '0.01', '-1'), ('76', 'ACC:A5 ARND:1E-3:NEAR CCM:MMA5 CFADJ:NO CLDR:RUS_FI CRND:1E-5:NEAR DATED:21OCT2013 DMC:F EMC:S FRCD:20JAN2014 FRQ:91D ISSUE:21OCT2013 NOTP:7:CALENDAR NOTIONAL:1 PUT:17SEP2046:1 PX:C PXRND:1E-4:NEAR REFDATE:MATURITY RP:1 SETTLE:0WD STEP:28OCT2013:0.071 STEP:27JAN2014:0.075 STEP:28APR2014:0.079 XD:NO YLDRND:1E-4:NEAR ', '79', '1', '2', '7.9', NULL, NULL, NULL, NULL), ('77', 'ACC:A5 ARND:1E-3:NEAR CCM:BBA5 CFADJ:NO CLDR:RUS_FI CRND:1E-5:NEAR DATED:10JUN2013 DMC:F EMC:S FRCD:09SEP2013 FRQ:91D ISSUE:10JUN2013 NOTIONAL:1 PX:C PXRND:1E-4:NEAR REFDATE:MATURITY RP:1 SETTLE:0WD XD:NO YLDRND:1E-4:NEAR ', '94', '1', '2', NULL, '4', NULL, '0.01', '-1'), ('78', 'ACC:A5 ARND:1E-3:NEAR CCM:MMA5 CFADJ:NO CLDR:RUS_FI CRND:1E-5:NEAR DATED:02OCT2012 DMC:F EMC:S FRCD:02APR2013 FRQ:182D ISSUE:02OCT2012 NOTP:7:CALENDAR NOTIONAL:1 PUT:04OCT2016:1 PX:C PXRND:1E-4:NEAR REFDATE:MATURITY RP:1 SETTLE:0WD STEP:09OCT2012:0.086 XD:NO YLDRND:1E-4:NEAR ', '80', '1', '2', '8.6', NULL, NULL, NULL, NULL), ('79', 'ACC:A5 ARND:1E-3:NEAR CCM:MMA5 CFADJ:NO CLDR:RUS_FI CRND:1E-5:NEAR DATED:25JAN2013 DMC:F EMC:S FRCD:26JUL2013 FRQ:182D ISSUE:25JAN2013 NOTP:7:CALENDAR NOTIONAL:1 PUT:24JAN2020:1 PX:C PXRND:1E-4:NEAR REFDATE:MATURITY RP:1 SETTLE:0WD STEP:01FEB2013:0.08 XD:NO YLDRND:1E-4:NEAR ', '81', '1', '2', '8', NULL, NULL, NULL, NULL), ('80', 'ACC:A5 ARND:1E-3:NEAR CCM:BBA5 CFADJ:NO CLDR:RUS_FI CRND:1E-5:NEAR DATED:10JUN2013 DMC:F EMC:S FRCD:09SEP2013 FRQ:91D ISSUE:10JUN2013 NOTIONAL:1 PX:C PXRND:1E-4:NEAR REFDATE:MATURITY RP:1 SETTLE:0WD XD:NO YLDRND:1E-4:NEAR ', '95', '1', '2', NULL, '4', NULL, '0.01', '-1'), ('81', 'ACC:A5 ARND:1E-3:NEAR CCM:BBA5 CFADJ:NO CLDR:RUS_FI CRND:1E-5:NEAR DATED:08AUG2012 DMC:F EMC:S FRCD:06FEB2013 FRQ:182D ISSUE:08AUG2012 NOTP:7:CALENDAR NOTIONAL:1 PUT:03AUG2022:1 PX:C PXRND:1E-4:NEAR REFDATE:MATURITY RP:1 SETTLE:0WD XD:NO YLDRND:1E-4:NEAR ', '96', '1', '2', NULL, '4', NULL, '0.01', '-1'), ('82', 'ACC:A5 ARND:1E-3:NEAR CCM:MMA5 CFADJ:NO CLDR:RUS_FI CRND:1E-5:NEAR DATED:24OCT2012 DMC:F EMC:S FRCD:24APR2013 FRQ:182D ISSUE:24OCT2012 NOTP:7:CALENDAR NOTIONAL:1 PUT:26APR2017:1 PX:C PXRND:1E-4:NEAR REFDATE:MATURITY RP:1 SETTLE:0WD STEP:31OCT2012:0.0875 XD:NO YLDRND:1E-4:NEAR ', '82', '1', '2', '8.75', NULL, NULL, NULL, NULL), ('83', 'ACC:A5 ARND:1E-3:NEAR CCM:MMA5 CFADJ:NO CLDR:RUS_FI CRND:1E-5:NEAR DATED:21JUL2011 DMC:F EMC:S FRCD:19JAN2012 FRQ:182D ISSUE:21JUL2011 NOTP:7:CALENDAR NOTIONAL:1 PUT:18JUL2018:1 PX:C PXRND:1E-4:NEAR REFDATE:MATURITY RP:1 SETTLE:0WD STEP:28JUL2011:0.0795 XD:3WD YLDRND:1E-4:NEAR ', '83', '1', '2', '7.95', NULL, NULL, NULL, NULL), ('84', 'ACC:A5 ARND:1E-3:NEAR CCM:MMA5 CFADJ:NO CLDR:RUS_FI CRND:1E-5:NEAR DATED:12DEC2011 DMC:F EMC:S FRCD:11JUN2012 FRQ:182D ISSUE:12DEC2011 NOTP:7:CALENDAR NOTIONAL:1 PUT:16JUN2014:1 PX:C PXRND:1E-4:NEAR REFDATE:MATURITY RP:1 SETTLE:0WD STEP:19DEC2011:0.085 XD:3WD YLDRND:1E-4:NEAR ', '84', '1', '2', '8.5', NULL, NULL, NULL, NULL), ('85', 'ACC:A5 ARND:1E-3:NEAR CCM:MMA5 CFADJ:NO CLDR:RUS_FI CRND:1E-5:NEAR DATED:27OCT2011 DMC:F EMC:S FRCD:26APR2012 FRQ:182D ISSUE:27OCT2011 NOTP:6:CALENDAR NOTIONAL:1 PUT:29OCT2014:1 PX:C PXRND:1E-4:NEAR REFDATE:MATURITY RP:1 SETTLE:0WD STEP:03NOV2011:0.0875 XD:3WD YLDRND:1E-4:NEAR ', '85', '1', '2', '8.75', NULL, NULL, NULL, NULL), ('86', 'ACC:A5 ARND:1E-3:NEAR CCM:MMA5 CFADJ:NO CLDR:RUS_FI CRND:1E-5:NEAR DATED:05JUL2011 DMC:F EMC:S FRCD:03JAN2012 FRQ:182D ISSUE:05JUL2011 NOTIONAL:1 PX:C PXRND:1E-4:NEAR REFDATE:MATURITY RP:1 SETTLE:0WD XD:3WD YLDRND:1E-4:NEAR ', '86', '1', '2', '8.5', NULL, NULL, NULL, NULL), ('87', 'ACC:A5 ARND:1E-3:NEAR CCM:MMA5 CFADJ:NO CLDR:RUS_FI CRND:1E-5:NEAR DATED:27APR2012 DMC:F EMC:S FRCD:26OCT2012 FRQ:182D ISSUE:27APR2012 NOTP:6:CALENDAR NOTIONAL:1 PUT:28APR2016:1 PX:C PXRND:1E-4:NEAR REFDATE:MATURITY RP:1 SETTLE:0WD STEP:04MAY2012:0.081 XD:3WD YLDRND:1E-4:NEAR ', '87', '1', '2', '8.1', NULL, NULL, NULL, NULL), ('88', 'ACC:A5 ARND:1E-3:NEAR CCM:MMA5 CFADJ:NO CLDR:RUS_FI CRND:1E-5:NEAR DATED:29OCT2010 DMC:F EMC:S FRCD:29APR2011 FRQ:182D ISSUE:29OCT2010 NOTP:4:CALENDAR NOTIONAL:1 PUT:24OCT2017:1 PX:C PXRND:1E-4:NEAR REFDATE:MATURITY RP:1 SETTLE:0WD STEP:05NOV2010:0.0799 XD:3WD YLDRND:1E-4:NEAR ', '88', '1', '2', '7.99', NULL, NULL, NULL, NULL), ('89', 'ACC:A5 ARND:1E-3:NEAR CCM:MMA5 CFADJ:NO CLDR:RUS_FI CRND:1E-5:NEAR DATED:28SEP2010 DMC:F EMC:S FRCD:29MAR2011 FRQ:182D ISSUE:28SEP2010 NOTP:3:CALENDAR NOTIONAL:1 PUT:24SEP2015:1 PX:C PXRND:1E-4:NEAR REFDATE:MATURITY RP:1 SETTLE:0WD STEP:05OCT2010:0.0775 XD:3WD YLDRND:1E-4:NEAR ', '89', '1', '2', '7.75', NULL, NULL, NULL, NULL), ('90', 'ACC:A5 ARND:1E-3:NEAR CCM:MMA5 CFADJ:NO CLDR:RUS_FI CRND:1E-5:NEAR DATED:29JUN2011 DMC:F EMC:S FRCD:28DEC2011 FRQ:182D ISSUE:29JUN2011 NOTIONAL:1 PX:C PXRND:1E-4:NEAR REFDATE:MATURITY RP:1 SETTLE:0WD XD:NO YLDRND:1E-4:NEAR ', '90', '1', '2', '7.1', NULL, NULL, NULL, NULL), ('91', 'ACC:A5 ARND:1E-3:NEAR CCM:MMA5 CFADJ:NO CLDR:RUS_FI CRND:1E-5:NEAR DATED:05AUG2010 DMC:F EMC:S FRCD:15AUG2010 FRQ:1 ISSUE:05AUG2010 NOTIONAL:1 PX:C PXRND:1E-4:NEAR REFDATE:MATURITY RP:1 SETTLE:0WD XD:6WD YLDRND:1E-4:NEAR ', '91', '1', '2', '7.5', NULL, NULL, NULL, NULL)
